{
    "total_patients": 2149,
    "diagnosed_count": 760,
    "not_diagnosed_count": 1389,
    "average_age": 74.90879478827361,
    "age_distribution": {
        "60": 74,
        "61": 68,
        "62": 70,
        "63": 69,
        "64": 59,
        "65": 64,
        "66": 73,
        "67": 77,
        "68": 84,
        "69": 63,
        "70": 74,
        "71": 80,
        "72": 82,
        "73": 66,
        "74": 55,
        "75": 64,
        "76": 81,
        "77": 72,
        "78": 72,
        "79": 57,
        "80": 68,
        "81": 57,
        "82": 68,
        "83": 71,
        "84": 71,
        "85": 57,
        "86": 50,
        "87": 68,
        "88": 84,
        "89": 72,
        "90": 79
    },
    "diagnosis_rate": 0.35365286179618427
}